{"cameraMode":{"drawMode":0,"name":"Shaded","section":"Shading Mode"},"sceneLighting":true,"audioPlay":false,"sceneViewState":{"showFog":true,"showMaterialUpdate":false,"showSkybox":true,"showFlares":true,"showImageEffects":true,"showParticleSystems":true},"in2DMode":false,"pivot":{"x":7.3219709396362309,"y":5.502858638763428,"z":-4.572513580322266},"rotation":{"x":-0.020297931507229806,"y":-0.19373169541358949,"z":-0.003994626458734274,"w":0.9808364510536194},"size":22.883747100830079,"orthographic":false}