{"cameraMode":{"drawMode":0,"name":"Shaded","section":"Shading Mode"},"sceneLighting":true,"audioPlay":false,"sceneViewState":{"showFog":true,"showMaterialUpdate":false,"showSkybox":true,"showFlares":true,"showImageEffects":true,"showParticleSystems":true},"in2DMode":false,"pivot":{"x":22.441246032714845,"y":48.53135681152344,"z":-13.355743408203125},"rotation":{"x":0.005131463520228863,"y":-0.9873186349868774,"z":0.15528282523155213,"w":0.032599642872810367},"size":265.2275695800781,"orthographic":false}