{"cameraMode":{"drawMode":0,"name":"Shaded","section":"Shading Mode"},"sceneLighting":true,"audioPlay":false,"sceneViewState":{"showFog":true,"showMaterialUpdate":false,"showSkybox":true,"showFlares":true,"showImageEffects":true,"showParticleSystems":true},"in2DMode":false,"pivot":{"x":0.6104871034622192,"y":9.440324783325196,"z":3.759097099304199},"rotation":{"x":0.0015715006738901139,"y":-0.9830012917518616,"z":-0.010077262297272683,"w":-0.1833156943321228},"size":5.506804466247559,"orthographic":false}