{"cameraMode":{"drawMode":0,"name":"Shaded","section":"Shading Mode"},"sceneLighting":true,"audioPlay":false,"sceneViewState":{"showFog":true,"showMaterialUpdate":false,"showSkybox":true,"showFlares":true,"showImageEffects":true,"showParticleSystems":true},"in2DMode":false,"pivot":{"x":7.394153594970703,"y":4.214630126953125,"z":-5.595837593078613},"rotation":{"x":0.11995124816894531,"y":0.5326901078224182,"z":-0.07660383731126785,"w":0.8342571258544922},"size":41.82402420043945,"orthographic":false}